{"results":{"[Set Get] set 1000 children":{"totalRuns":12,"lastRun":921.2024520000002,"diff":-26.786914999999908,"diffRatio":0.9717434436160718,"improvement":-0.02825655638392821,"averageRun":821.0615226666667},"[Set Get] set 1000 runs":{"totalRuns":12000,"lastRun":0.933932003999993,"diff":0.03425812999999933,"diffRatio":1.0380783870578414,"improvement":0.03807838705784139,"averageRun":0.7991647772499981},"[Set Get] get 1000 children":{"totalRuns":12,"lastRun":520.6560720000002,"diff":63.385893000000124,"diffRatio":1.138618033519304,"improvement":0.1386180335193039,"averageRun":416.6427212500001},"[Set Get] get 1000 runs":{"totalRuns":12000,"lastRun":0.5482366550000006,"diff":0.09554497299999593,"diffRatio":1.2110597053117378,"improvement":0.2110597053117378,"averageRun":0.4178533159999994}}}