{"results":{"[Set Get] set 1000 children":{"totalRuns":16,"lastRun":150.94175600000017,"diff":-22.67627399999992,"diffRatio":0.8693898669395114,"improvement":-0.13061013306048863,"averageRun":341.27794606249995},"[Set Get] set 1000 runs":{"totalRuns":16000,"lastRun":0.1722470449999978,"diff":-0.01547747299999197,"diffRatio":0.9175522027442744,"improvement":-0.0824477972557256,"averageRun":0.3235731011874979},"[Set Get] get 1000 children":{"totalRuns":16,"lastRun":2.9771290000001045,"diff":-0.11185599999976148,"diffRatio":0.9637887526162262,"improvement":-0.03621124738377379,"averageRun":4.185744937499905},"[Set Get] get 1000 runs":{"totalRuns":16000,"lastRun":0.0046635300000011735,"diff":-0.000612368999995852,"diffRatio":0.8839308713081511,"improvement":-0.11606912869184893,"averageRun":0.006173461187501119}}}