{"results":{"set 100 children":{"runs":[{"totalMs":11.135269000000108,"runsCount":1,"measuredRunsAvgMs":11.135269000000108}],"totalRunCounts":1,"lastMeasuredRun":11.135269000000108},"load 100 children":{"runs":[{"totalMs":1.0384500000000116,"runsCount":1,"measuredRunsAvgMs":1.0384500000000116}],"totalRunCounts":1,"lastMeasuredRun":1.0384500000000116},"write 100 children":{"runs":[{"totalMs":0.21501400000011017,"runsCount":1,"measuredRunsAvgMs":0.21501400000011017}],"totalRunCounts":1,"lastMeasuredRun":0.21501400000011017},"get 100 children":{"runs":[{"totalMs":4.990350999999919,"runsCount":1,"measuredRunsAvgMs":4.990350999999919}],"totalRunCounts":1,"lastMeasuredRun":4.990350999999919},"get 100 runs":{"runs":[{"totalMs":6.534360000001016,"runsCount":100,"measuredRunsAvgMs":0.06534360000001016}],"totalRunCounts":100,"lastMeasuredRun":0.06534360000001016},"set 1000 children":{"runs":[{"totalMs":1134.885848,"runsCount":1,"measuredRunsAvgMs":1134.885848}],"totalRunCounts":18,"lastMeasuredRun":1134.885848,"diff":35.04967899999974,"diffRatio":1.0318680908919988,"improvement":0.030883880578621636},"load 1000 children":{"runs":[{"totalMs":0.6958580000000438,"runsCount":1,"measuredRunsAvgMs":0.6958580000000438}],"totalRunCounts":18,"lastMeasuredRun":0.6958580000000438,"diff":-0.12944900000002235,"diffRatio":0.8431504882425425,"improvement":-0.18602789649614462},"write 1000 children":{"runs":[{"totalMs":0.5042969999999514,"runsCount":1,"measuredRunsAvgMs":0.5042969999999514}],"totalRunCounts":18,"lastMeasuredRun":0.5042969999999514,"diff":0.032017999999879976,"diffRatio":1.0677946722167937,"improvement":0.06349036381315587},"get 1000 children":{"runs":[{"totalMs":578.3108419999999,"runsCount":1,"measuredRunsAvgMs":578.3108419999999}],"totalRunCounts":18,"lastMeasuredRun":578.3108419999999,"diff":15.136801000000105,"diffRatio":1.026877661074581,"improvement":0.02617416085033403},"get 1000 runs":{"runs":[{"totalMs":536.3747589999989,"runsCount":1000,"measuredRunsAvgMs":0.5363747589999989}],"totalRunCounts":18000,"lastMeasuredRun":0.5363747589999989,"diff":0.008359155999996815,"diffRatio":1.0158312670165484,"improvement":0.015584543940101463}}}