{"results":{"[Set] 1000 children":{"totalRuns":82,"lastRun":5.528479000000061,"diff":-1.8623099999999795,"diffRatio":0.7480228430279948,"improvement":-0.2519771569720052,"averageRun":185.8833961341462},"[Set] 1000 runs":{"totalRuns":82000,"lastRun":0.009108465000003434,"diff":0.0002903890000020507,"diffRatio":1.0329311065137117,"improvement":0.03293110651371167,"averageRun":0.17079587312195402},"[Get] 1000 children":{"totalRuns":76,"lastRun":4.8893920000000435,"diff":2.065372000000025,"diffRatio":1.7313588430676876,"improvement":0.7313588430676876,"averageRun":3.6117458552631483},"[Get] 1000 runs":{"totalRuns":76000,"lastRun":0.0045561469999911425,"diff":-0.00120366000001286,"diffRatio":0.7910242478589954,"improvement":-0.2089757521410046,"averageRun":0.005084878842104742},"[Set] 10000 children":{"totalRuns":12,"lastRun":19508.531101,"diff":-3151.383639000007,"diffRatio":0.8609269419078138,"improvement":-0.13907305809218617,"averageRun":17237.507868416666},"[Set] 10000 runs":{"totalRuns":120000,"lastRun":1.9814335501999274,"diff":0.18680522759997986,"diffRatio":1.1040913181005345,"improvement":0.10409131810053451,"averageRun":1.6520166900249824},"[Get] 10000 children":{"totalRuns":16,"lastRun":29.099193999999898,"diff":13.508054999999786,"diffRatio":1.8663930839177105,"improvement":0.8663930839177105,"averageRun":35.08232662500066},"[Get] 10000 runs":{"totalRuns":160000,"lastRun":0.004297056299996666,"diff":0.0011467850000075942,"diffRatio":1.3640273775822331,"improvement":0.36402737758223314,"averageRun":0.004247742106235446},"[Set] 100000 children":{"totalRuns":2,"lastRun":120.4638080000002,"diff":-1417820.358888,"diffRatio":0.00008495686566873538,"improvement":-0.9999150431343312,"averageRun":709030.6432520001},"[Set] 100000 runs":{"totalRuns":200000,"lastRun":0.0006829567399990606,"diff":-0.0018122502600800387,"diffRatio":0.27370744791009743,"improvement":-0.7262925520899026,"averageRun":0.0015890818700390798},"[Get] 100000 children":{"totalRuns":2,"lastRun":177.57784099999844,"diff":-228.90843700005644,"diffRatio":0.4368606041849572,"improvement":-0.5631393958150428,"averageRun":292.03205950002666},"[Get] 100000 runs":{"totalRuns":200000,"lastRun":0.014359561030119875,"diff":0.012547870070408315,"diffRatio":7.926054359958871,"improvement":6.926054359958871,"averageRun":0.008085625994915718},"[Load Json] 1000 children":{"totalRuns":9,"lastRun":0.47175400000014633,"diff":-0.04981599999973696,"diffRatio":0.9044883716476252,"improvement":-0.09551162835237481,"averageRun":0.5855187777772749},"[Write Json] 1000 children":{"totalRuns":9,"lastRun":0.29437400000006164,"diff":0.002223999999841908,"diffRatio":1.007612527810509,"improvement":0.007612527810509029,"averageRun":0.561460111111147},"[Get] 1000000 children":{"totalRuns":1,"lastRun":2352.22712,"diff":2352.22712,"diffRatio":null,"improvement":null,"averageRun":2352.22712},"[Get] 1000000 runs":{"totalRuns":1000000,"lastRun":0.0016687970380001394,"diff":0.0016687970380001394,"diffRatio":null,"improvement":null,"averageRun":0.0016687970380001394},"[Get] 10000000 children":{"totalRuns":1,"lastRun":22507.134797,"diff":22507.134797,"diffRatio":null,"improvement":null,"averageRun":22507.134797},"[Get] 10000000 runs":{"totalRuns":10000000,"lastRun":0.0017655970126992536,"diff":0.0017655970126992536,"diffRatio":null,"improvement":null,"averageRun":0.0017655970126992536},"[Set] 1000000 children":{"totalRuns":1,"lastRun":1730.502669,"diff":1730.502669,"diffRatio":null,"improvement":null,"averageRun":1730.502669},"[Set] 1000000 runs":{"totalRuns":1000000,"lastRun":0.0006242200779999703,"diff":0.0006242200779999703,"diffRatio":null,"improvement":null,"averageRun":0.0006242200779999703},"[Set Yaml] 1000 children":{"totalRuns":4,"lastRun":45690.892897,"diff":7162.7490499999985,"diffRatio":1.1859095283293208,"improvement":0.18590952832932084,"averageRun":21055.64121075},"[Set Yaml] 100 children":{"totalRuns":4,"lastRun":435.6199829999998,"diff":-37.345584000000144,"diffRatio":0.9210395288670133,"improvement":-0.07896047113298665,"averageRun":417.27995175},"[Set] 100 children":{"totalRuns":16,"lastRun":1.0019490000004225,"diff":-0.07918299999982992,"diffRatio":0.9267591746430487,"improvement":-0.07324082535695131,"averageRun":2.021738687500033},"[Set] 100 runs":{"totalRuns":1600,"lastRun":0.017205139999964557,"diff":-0.005843100000020061,"diffRatio":0.7464838963832396,"improvement":-0.25351610361676036,"averageRun":0.015746048125008086},"[Set Json] 100 children":{"totalRuns":14,"lastRun":8.67773699999998,"diff":-2.265301000000136,"diffRatio":0.7929915805830052,"improvement":-0.20700841941699477,"averageRun":10.189380642857177},"[Set] BSON 100 children":{"totalRuns":3,"lastRun":21.828816999999617,"diff":-6.746487000000343,"diffRatio":0.7639049789286458,"improvement":-0.23609502107135416,"averageRun":23.43587166666657},"[Get Bson] 100 children":{"totalRuns":24,"lastRun":0.1794339999996737,"diff":0.043267999999898166,"diffRatio":1.3177592056752017,"improvement":0.31775920567520166,"averageRun":0.5123119583332804},"[Set] BSON 1000 children":{"totalRuns":2,"lastRun":770.4014539999998,"diff":399.3122189999999,"diffRatio":2.076054440113306,"improvement":1.0760544401133059,"averageRun":570.7453444999999},"[Get Bson] 1000 children":{"totalRuns":18,"lastRun":1.4019850000004226,"diff":0.018292000000656117,"diffRatio":1.0132196954097905,"improvement":0.01321969540979051,"averageRun":2.9184542777777804},"[Set] Bson 1000 children":{"totalRuns":11,"lastRun":568.7801220000001,"diff":-35.3414029999999,"diffRatio":0.9414995136946993,"improvement":-0.05850048630530069,"averageRun":662.6379830000001},"[Set Json] 1000 children":{"totalRuns":11,"lastRun":529.4682739999998,"diff":14.389198999999735,"diffRatio":1.0279359028514208,"improvement":0.02793590285142078,"averageRun":522.4245960000005},"[Load Bson] 1000 children":{"totalRuns":6,"lastRun":1.3138069999995423,"diff":-1.256221000000096,"diffRatio":0.5112033798852492,"improvement":-0.4887966201147508,"averageRun":1.9738713333330604},"[Write Bson] 1000 children":{"totalRuns":6,"lastRun":0.4384120000004259,"diff":-0.25024299999950017,"diffRatio":0.6366206591115623,"improvement":-0.3633793408884377,"averageRun":0.593738500000048},"[Set] Bson 100 children":{"totalRuns":12,"lastRun":23.785847000000103,"diff":-0.009576999999808322,"diffRatio":0.9995975276591076,"improvement":-0.00040247234089241246,"averageRun":21.670533666666756},"[Load Bson] 100 children":{"totalRuns":12,"lastRun":0.4078479999998308,"diff":-0.0888990000000831,"diffRatio":0.8210376710879008,"improvement":-0.17896232891209918,"averageRun":0.5797604999999256},"[Write Bson] 100 children":{"totalRuns":12,"lastRun":0.11232699999982287,"diff":-0.04485700000009274,"diffRatio":0.7146210810253154,"improvement":-0.2853789189746846,"averageRun":0.15167891666660202},"[Get] 100 children":{"totalRuns":25,"lastRun":0.245632999999998,"diff":-0.30868099999997867,"diffRatio":0.4431297062675818,"improvement":-0.5568702937324181,"averageRun":0.39935663999995086},"[Get] 100 runs":{"totalRuns":2500,"lastRun":0.003752499999986867,"diff":-0.002119080000009035,"diffRatio":0.639095439385904,"improvement":-0.36090456061409604,"averageRun":0.005933709199994064},"[Load Json] 100 children":{"totalRuns":12,"lastRun":0.24226900000030582,"diff":-0.07886899999948582,"diffRatio":0.7544077623964246,"improvement":-0.2455922376035754,"averageRun":0.3136107500000662},"[Write Json] 100 children":{"totalRuns":12,"lastRun":0.1137879999996585,"diff":-0.010746000000381173,"diffRatio":0.9137103120402641,"improvement":-0.0862896879597359,"averageRun":0.15041583333337863},"[Set] Bson 10000 children":{"totalRuns":2,"lastRun":57167.38956,"diff":27136.754171,"diffRatio":1.9036356979959201,"improvement":0.9036356979959201,"averageRun":43599.01247450001},"[Get Bson] 10000 children":{"totalRuns":6,"lastRun":14.383977999999843,"diff":-1.7979440000003706,"diffRatio":0.888891813963734,"improvement":-0.11110818603626604,"averageRun":20.484678666665484},