{"results":{"[Set Get] set 1000 children":{"totalRuns":56,"lastRun":187.042148,"diff":8.680957999999919,"diffRatio":1.0486706665278467,"improvement":0.048670666527846684,"averageRun":224.34917153571422},"[Set Get] set 1000 runs":{"totalRuns":56000,"lastRun":0.17404176500000154,"diff":-0.0004780129999962801,"diffRatio":0.9972609809302171,"improvement":-0.002739019069782911,"averageRun":0.2138094476964281},"[Set Get] get 1000 children":{"totalRuns":56,"lastRun":2.420470000000023,"diff":-0.4121170000000802,"diffRatio":0.8545086170345111,"improvement":-0.1454913829654889,"averageRun":3.8301118392856623},"[Set Get] get 1000 runs":{"totalRuns":56000,"lastRun":0.003110006000007388,"diff":-0.0033770829999957646,"diffRatio":0.4794147266988131,"improvement":-0.5205852733011869,"averageRun":0.005161004892858131},"[Set Get] set 10000 children":{"totalRuns":9,"lastRun":19693.054459,"diff":796.5908899999995,"diffRatio":1.0421555539792546,"improvement":0.042155553979254634,"averageRun":18296.15616855555},"[Set Get] set 10000 runs":{"totalRuns":90000,"lastRun":2.0325033714999994,"diff":0.08239932740001232,"diffRatio":1.0422538108411756,"improvement":0.04225381084117563,"averageRun":1.7830074166777679},"[Set Get] get 10000 children":{"totalRuns":9,"lastRun":57.03731300000072,"diff":24.09444500000245,"diffRatio":1.7314009514898252,"improvement":0.7314009514898252,"averageRun":43.84615222222217},"[Set Get] get 10000 runs":{"totalRuns":90000,"lastRun":0.003968686600006185,"diff":0.0004304202999679545,"diffRatio":1.121647231573074,"improvement":0.12164723157307411,"averageRun":0.0031831448333348817},"[Set Get] set 100000 children":{"totalRuns":1,"lastRun":1417940.822696,"diff":1417940.822696,"diffRatio":null,"improvement":null,"averageRun":1417940.822696},"[Set Get] set 100000 runs":{"totalRuns":100000,"lastRun":0.002495207000079099,"diff":0.002495207000079099,"diffRatio":null,"improvement":null,"averageRun":0.002495207000079099},"[Set Get] get 100000 children":{"totalRuns":1,"lastRun":406.4862780000549,"diff":406.4862780000549,"diffRatio":null,"improvement":null,"averageRun":406.4862780000549},"[Set Get] get 100000 runs":{"totalRuns":100000,"lastRun":0.001811690959711559,"diff":0.001811690959711559,"diffRatio":null,"improvement":null,"averageRun":0.001811690959711559}}}