{"results":{"[Get] 100 children":{"totalRuns":2,"lastRun":0.8072999999999411,"diff":0.07658999999966909,"diffRatio":1.104815864022171,"improvement":0.10481586402217102,"averageRun":0.7690050000001065},"[Get] 100 runs":{"totalRuns":200,"lastRun":0.005635370000013609,"diff":-0.0004488200000059804,"diffRatio":0.9262317580475733,"improvement":-0.0737682419524267,"averageRun":0.005859780000016599},"[Get] 1000 children":{"totalRuns":2,"lastRun":3.1147420000002057,"diff":-0.11400400000002264,"diffRatio":0.964690935737895,"improvement":-0.035309064262105005,"averageRun":3.171744000000217},"[Get] 1000 runs":{"totalRuns":2000,"lastRun":0.0044867310000108775,"diff":-0.0017341829999882067,"diffRatio":0.7212334071828573,"improvement":-0.27876659281714267,"averageRun":0.00535382250000498},"[Get] 10000 children":{"totalRuns":1,"lastRun":30.891913999999815,"diff":30.891913999999815,"diffRatio":null,"improvement":null,"averageRun":30.891913999999815},"[Get] 10000 runs":{"totalRuns":10000,"lastRun":0.005366739100000814,"diff":0.005366739100000814,"diffRatio":null,"improvement":null,"averageRun":0.005366739100000814},"[Set] 1000 children":{"totalRuns":1,"lastRun":10.228383000000122,"diff":10.228383000000122,"diffRatio":null,"improvement":null,"averageRun":10.228383000000122},"[Set] 1000 runs":{"totalRuns":1000,"lastRun":0.010670286000001398,"diff":0.010670286000001398,"diffRatio":null,"improvement":null,"averageRun":0.010670286000001398}}}