{"results":{"[Set] 100 children":{"totalRuns":38,"lastRun":1.3306389999997918,"diff":0.033461999999872205,"diffRatio":1.0257960170430669,"improvement":0.025796017043066888,"averageRun":1.7020743157894518},"[Set] 100 runs":{"totalRuns":3800,"lastRun":0.012271060000039143,"diff":0.0028006600000298927,"diffRatio":1.295727741175363,"improvement":0.29572774117536293,"averageRun":0.012448776842105226},"[Set Json] autoSave 100 children":{"totalRuns":38,"lastRun":8.214662999999746,"diff":0.3978439999996226,"diffRatio":1.0508958951204597,"improvement":0.05089589512045967,"averageRun":10.641202973684226},"[Set Bson] autoSave  100 children":{"totalRuns":38,"lastRun":24.855775999999878,"diff":-1.7775110000002314,"diffRatio":0.9332597962842429,"improvement":-0.06674020371575706,"averageRun":28.52510697368423},"[GetAll] assert 100 children":{"totalRuns":38,"lastRun":0.1269030000003113,"diff":0.002072000000225671,"diffRatio":1.0165984410941533,"improvement":0.016598441094153316,"averageRun":0.2023895789473643},"[Get] 100 children":{"totalRuns":38,"lastRun":0.7640900000001238,"diff":0.029661000000487547,"diffRatio":1.0403864771141966,"improvement":0.04038647711419663,"averageRun":0.5964102894736364},"[Get] 100 runs":{"totalRuns":3800,"lastRun":0.004956420000003164,"diff":0.0002951400000165451,"diffRatio":1.0633173720560432,"improvement":0.06331737205604315,"averageRun":0.007223310789476343},"[Load Json]  once 100 children":{"totalRuns":38,"lastRun":0.5615569999999934,"diff":0.268148999999994,"diffRatio":1.9139116861162424,"improvement":0.9139116861162424,"averageRun":0.3791338157894571},"[Load Json] 100 times":{"totalRuns":38,"lastRun":12.211818000000221,"diff":1.0114490000000842,"diffRatio":1.0903049712022945,"improvement":0.09030497120229453,"averageRun":13.432084078947272},"[Load Json] 100 runs":{"totalRuns":3800,"lastRun":0.1306783899999664,"diff":0.004864299999944727,"diffRatio":1.0386626013027944,"improvement":0.03866260130279442,"averageRun":0.14335564578947302},"[Load Bson]  once 100 children":{"totalRuns":38,"lastRun":1.3941270000000259,"diff":0.9123810000000958,"diffRatio":2.8939046717569594,"improvement":1.8939046717569594,"averageRun":0.7204420526316091},"[Load Bson] 100 times":{"totalRuns":38,"lastRun":24.868301999999858,"diff":-0.4384140000001935,"diffRatio":0.9826759821384887,"improvement":-0.017324017861511276,"averageRun":27.198021578947348},"[Load Bson] 100 runs":{"totalRuns":3800,"lastRun":0.20857178000001567,"diff":0.07728098999999472,"diffRatio":1.588624609540261,"improvement":0.588624609540261,"averageRun":0.1504803623684228},"[Write Json]  once 100 children":{"totalRuns":38,"lastRun":0.11234599999988859,"diff":-0.0032820000001265726,"diffRatio":0.9716158715871057,"improvement":-0.028384128412894283,"averageRun":0.12916023684209382},"[Write Json] 100 times":{"totalRuns":38,"lastRun":8.681214000000182,"diff":1.249449000000368,"diffRatio":1.1681227810621568,"improvement":0.16812278106215683,"averageRun":7.145735184210504},"[Write Bson]  once 100 children":{"totalRuns":38,"lastRun":0.1243400000003021,"diff":0.020301000000472413,"diffRatio":1.1951287498006098,"improvement":0.1951287498006098,"averageRun":0.1503346842105322},"[Write Bson] 100 times":{"totalRuns":38,"lastRun":5.892256999999972,"diff":0.19973299999992378,"diffRatio":1.0350868964276518,"improvement":0.03508689642765184,"averageRun":6.8009063684210345},"[Set] 1000 children":{"totalRuns":18,"lastRun":5.585551000000123,"diff":0.35168200000043726,"diffRatio":1.0671935044611278,"improvement":0.06719350446112782,"averageRun":7.510548055555597},"[Set] 1000 runs":{"totalRuns":17000,"lastRun":0.008343050999993011,"diff":0.0004932069999922534,"diffRatio":1.0628301657959325,"improvement":0.06283016579593248,"averageRun":0.010892651764705533},"[Set Json] autoSave 1000 children":{"totalRuns":17,"lastRun":352.05023600000004,"diff":106.40786000000026,"diffRatio":1.4331820174219465,"improvement":0.4331820174219465,"averageRun":456.0468849411764},"[Set Bson] autoSave  1000 children":{"totalRuns":17,"lastRun":527.5992429999997,"diff":54.873243,"diffRatio":1.116078326557033,"improvement":0.1160783265570331,"averageRun":610.5656535882353},"[GetAll] assert 1000 children":{"totalRuns":17,"lastRun":0.16902400000071793,"diff":-0.030589999999392603,"diffRatio":0.8467542356779801,"improvement":-0.15324576432201986,"averageRun":0.21040047058830383},"[Get] 1000 children":{"totalRuns":17,"lastRun":2.7883300000003146,"diff":-0.529236999999739,"diffRatio":0.8404743596739025,"improvement":-0.1595256403260975,"averageRun":3.515009411764662},"[Get] 1000 runs":{"totalRuns":17000,"lastRun":0.009554110000010042,"diff":0.0017879009999987828,"diffRatio":1.2302154114055122,"improvement":0.23021541140551216,"averageRun":0.010906558647061715},"[Load Json]  once 1000 children":{"totalRuns":17,"lastRun":0.5754249999999956,"diff":-0.49389500000052067,"diffRatio":0.5381223581338774,"improvement":-0.46187764186612257,"averageRun":0.8059191176471359},"[Load Json] 1000 times":{"totalRuns":17,"lastRun":345.129962,"diff":-26.57123700000011,"diffRatio":0.928514524377415,"improvement":-0.071485475622585,"averageRun":480.3064067058823},"[Load Json] 1000 runs":{"totalRuns":17000,"lastRun":0.814711453999972,"diff":0.3791525929999634,"diffRatio":1.8704967960689838,"improvement":0.8704967960689838,"averageRun":0.5456752249411776},"[Load Bson]  once 1000 children":{"totalRuns":17,"lastRun":2.7474560000000565,"diff":1.2170230000001538,"diffRatio":1.7952148182901384,"improvement":0.7952148182901384,"averageRun":2.8731186470588854},"[Load Bson] 1000 times":{"totalRuns":17,"lastRun":539.0040079999999,"diff":-11.7279410000001,"diffRatio":0.9787048108952181,"improvement":-0.021295189104781898,"averageRun":634.1093027647058},"[Load Bson] 1000 runs":{"totalRuns":17000,"lastRun":0.5190260900000158,"diff":-0.08309818699998683,"diffRatio":0.861991634992677,"improvement":-0.13800836500732305,"averageRun":0.6623731147647115},"[Write Json]  once 1000 children":{"totalRuns":17,"lastRun":0.3350289999998495,"diff":0.03395399999953952,"diffRatio":1.1127758864053958,"improvement":0.11277588640539582,"averageRun":0.37641676470593666},"[Write Json] 1000 times":{"totalRuns":17,"lastRun":269.05540100000144,"diff":20.114934000001085,"diffRatio":1.080802186331566,"improvement":0.080802186331566,"averageRun":342.73182558823527},"[Write Bson]  once 1000 children":{"totalRuns":17,"lastRun":0.38646799999878567,"diff":-0.1347170000008191,"diffRatio":0.7415178871208472,"improvement":-0.2584821128791528,"averageRun":0.5616397647054863},"[Write Bson] 1000 times":{"totalRuns":17,"lastRun":306.1210169999995,"diff":20.020760999999766,"diffRatio":1.0699781303236575,"improvement":0.06997813032365752,"averageRun":332.4111581176467},"[Set] 10000 children":{"totalRuns":1,"lastRun":67.31871300000012,"diff":67.31871300000012,"diffRatio":null,"improvement":null,"averageRun":67.31871300000012},"[Set] 10000 runs":{"totalRuns":10000,"lastRun":0.013796577799998022,"diff":0.013796577799998022,"diffRatio":null,"improvement":null,"averageRun":0.013796577799998022},"[Set Json] autoSave 10000 children":{"totalRuns":1,"lastRun":43233.242614999996,"diff":43233.242614999996,"diffRatio":null,"improvement":null,"averageRun":43233.242614999996},"[Set Bson] autoSave  10000 children":{"totalRuns":1,"lastRun":24866.605491000002,"diff":24866.605491000002,"diffRatio":null,"improvement":null,"averageRun":24866.605491000002},"[GetAll] assert 10000 children":{"totalRuns":1,"lastRun":0.2817730000097072,"diff":0.2817730000097072,"diffRatio":null,"improvement":null,"averageRun":0.2817730000097072},"[Get] 10000 children":{"totalRuns":1,"lastRun":35.34418799998821,"diff":35.34418799998821,"diffRatio":null,"improvement":null,"averageRun":35.34418799998821},"[Get] 10000 runs":{"totalRuns":10000,"lastRun":0.0196925949999204,"diff":0.0196925949999204,"diffRatio":null,"improvement":null,"averageRun":0.0196925949999204},"[Load Json]  once 10000 children":{"totalRuns":1,"lastRun":7.757842000006349,