{"results":{"[Set] 100 children":{"totalRuns":36,"lastRun":1.3093890000000101,"diff":-0.18734300000005533,"diffRatio":0.8748319672459417,"improvement":-0.1251680327540583,"averageRun":1.723639111111096},"[Set] 100 runs":{"totalRuns":3600,"lastRun":0.008059439999947245,"diff":-0.001193410000059885,"diffRatio":0.8710224417277957,"improvement":-0.12897755827220425,"averageRun":0.012536446111109727},"[Set Json] autoSave 100 children":{"totalRuns":36,"lastRun":7.851949000000332,"diff":-3.828729999999723,"diffRatio":0.672216829175795,"improvement":-0.32778317082420505,"averageRun":10.787061972222242},"[Set Bson] autoSave  100 children":{"totalRuns":36,"lastRun":21.652424999999766,"diff":-3.525364999999965,"diffRatio":0.8599811579967899,"improvement":-0.14001884200321013,"averageRun":28.67958338888891},"[GetAll] assert 100 children":{"totalRuns":36,"lastRun":0.13281499999993684,"diff":-0.13712200000009034,"diffRatio":0.4920222125900616,"improvement":-0.5079777874099384,"averageRun":0.20664083333331798},"[Get] 100 children":{"totalRuns":36,"lastRun":0.39298699999972087,"diff":-0.3756950000006327,"diffRatio":0.5112478241971844,"improvement":-0.4887521758028156,"averageRun":0.5879186666666227},"[Get] 100 runs":{"totalRuns":3600,"lastRun":0.005455310000015743,"diff":0.00043120000005274044,"diffRatio":1.0858261463335628,"improvement":0.08582614633356278,"averageRun":0.007357447500003091},"[Load Json]  once 100 children":{"totalRuns":36,"lastRun":0.2668659999999363,"diff":0.0035060000000157743,"diffRatio":1.0133125759417407,"improvement":0.013312575941740734,"averageRun":0.37644777777776045},"[Load Json] 100 times":{"totalRuns":36,"lastRun":9.854469999999765,"diff":-0.9888219999998,"diffRatio":0.9088079524188928,"improvement":-0.09119204758110722,"averageRun":13.527972444444332},"[Load Json] 100 runs":{"totalRuns":3600,"lastRun":0.10388408999999228,"diff":-0.012231050000050342,"diffRatio":0.8946644683884819,"improvement":-0.1053355316115181,"averageRun":0.14419505722222184},"[Load Bson]  once 100 children":{"totalRuns":36,"lastRun":0.478106999999909,"diff":0.019914999999855354,"diffRatio":1.0434643119038591,"improvement":0.04346431190385913,"averageRun":0.7083590277778108},"[Load Bson] 100 times":{"totalRuns":36,"lastRun":19.82737300000008,"diff":0.7428170000002865,"diffRatio":1.0389224145429579,"improvement":0.03892241454295786,"averageRun":27.31527227777776},"[Load Bson] 100 runs":{"totalRuns":3600,"lastRun":0.11454349999999067,"diff":0.002969480000006103,"diffRatio":1.0266144394546912,"improvement":0.02661443945469122,"averageRun":0.14939975555555637},"[Write Json]  once 100 children":{"totalRuns":36,"lastRun":0.10193700000036188,"diff":-0.02313999999933003,"diffRatio":0.8149939637232503,"improvement":-0.18500603627674972,"averageRun":0.13000319444443503},"[Write Json] 100 times":{"totalRuns":36,"lastRun":5.521860000000288,"diff":-0.9784429999999702,"diffRatio":0.8494773243647363,"improvement":-0.15052267563526367,"averageRun":7.095137722222199},"[Write Bson]  once 100 children":{"totalRuns":36,"lastRun":0.11367000000018379,"diff":0.020804000000225642,"diffRatio":1.2240217087010856,"improvement":0.22402170870108562,"averageRun":0.15234275000000252},"[Write Bson] 100 times":{"totalRuns":36,"lastRun":5.518544999999904,"diff":-0.09916500000008455,"diffRatio":0.9823477894017162,"improvement":-0.017652210598283813,"averageRun":6.856935027777758},"[Set] 1000 children":{"totalRuns":18,"lastRun":5.585551000000123,"diff":0.35168200000043726,"diffRatio":1.0671935044611278,"improvement":0.06719350446112782,"averageRun":7.510548055555597},"[Set] 1000 runs":{"totalRuns":17000,"lastRun":0.008343050999993011,"diff":0.0004932069999922534,"diffRatio":1.0628301657959325,"improvement":0.06283016579593248,"averageRun":0.010892651764705533},"[Set Json] autoSave 1000 children":{"totalRuns":17,"lastRun":352.05023600000004,"diff":106.40786000000026,"diffRatio":1.4331820174219465,"improvement":0.4331820174219465,"averageRun":456.0468849411764},"[Set Bson] autoSave  1000 children":{"totalRuns":17,"lastRun":527.5992429999997,"diff":54.873243,"diffRatio":1.116078326557033,"improvement":0.1160783265570331,"averageRun":610.5656535882353},"[GetAll] assert 1000 children":{"totalRuns":17,"lastRun":0.16902400000071793,"diff":-0.030589999999392603,"diffRatio":0.8467542356779801,"improvement":-0.15324576432201986,"averageRun":0.21040047058830383},"[Get] 1000 children":{"totalRuns":17,"lastRun":2.7883300000003146,"diff":-0.529236999999739,"diffRatio":0.8404743596739025,"improvement":-0.1595256403260975,"averageRun":3.515009411764662},"[Get] 1000 runs":{"totalRuns":17000,"lastRun":0.009554110000010042,"diff":0.0017879009999987828,"diffRatio":1.2302154114055122,"improvement":0.23021541140551216,"averageRun":0.010906558647061715},"[Load Json]  once 1000 children":{"totalRuns":17,"lastRun":0.5754249999999956,"diff":-0.49389500000052067,"diffRatio":0.5381223581338774,"improvement":-0.46187764186612257,"averageRun":0.8059191176471359},"[Load Json] 1000 times":{"totalRuns":17,"lastRun":345.129962,"diff":-26.57123700000011,"diffRatio":0.928514524377415,"improvement":-0.071485475622585,"averageRun":480.3064067058823},"[Load Json] 1000 runs":{"totalRuns":17000,"lastRun":0.814711453999972,"diff":0.3791525929999634,"diffRatio":1.8704967960689838,"improvement":0.8704967960689838,"averageRun":0.5456752249411776},"[Load Bson]  once 1000 children":{"totalRuns":17,"lastRun":2.7474560000000565,"diff":1.2170230000001538,"diffRatio":1.7952148182901384,"improvement":0.7952148182901384,"averageRun":2.8731186470588854},"[Load Bson] 1000 times":{"totalRuns":17,"lastRun":539.0040079999999,"diff":-11.7279410000001,"diffRatio":0.9787048108952181,"improvement":-0.021295189104781898,"averageRun":634.1093027647058},"[Load Bson] 1000 runs":{"totalRuns":17000,"lastRun":0.5190260900000158,"diff":-0.08309818699998683,"diffRatio":0.861991634992677,"improvement":-0.13800836500732305,"averageRun":0.6623731147647115},"[Write Json]  once 1000 children":{"totalRuns":17,"lastRun":0.3350289999998495,"diff":0.03395399999953952,"diffRatio":1.1127758864053958,"improvement":0.11277588640539582,"averageRun":0.37641676470593666},"[Write Json] 1000 times":{"totalRuns":17,"lastRun":269.05540100000144,"diff":20.114934000001085,"diffRatio":1.080802186331566,"improvement":0.080802186331566,"averageRun":342.73182558823527},"[Write Bson]  once 1000 children":{"totalRuns":17,"lastRun":0.38646799999878567,"diff":-0.1347170000008191,"diffRatio":0.7415178871208472,"improvement":-0.2584821128791528,"averageRun":0.5616397647054863},"[Write Bson] 1000 times":{"totalRuns":17,"lastRun":306.1210169999995,"diff":20.020760999999766,"diffRatio":1.0699781303236575,"improvement":0.06997813032365752,"averageRun":332.4111581176467},"[Set] 10000 children":{"totalRuns":1,"lastRun":67.31871300000012,"diff":67.31871300000012,"diffRatio":null,"improvement":null,"averageRun":67.31871300000012},"[Set] 10000 runs":{"totalRuns":10000,"lastRun":0.013796577799998022,"diff":0.013796577799998022,"diffRatio":null,"improvement":null,"averageRun":0.013796577799998022},"[Set Json] autoSave 10000 children":{"totalRuns":1,"lastRun":43233.242614999996,"diff":43233.242614999996,"diffRatio":null,"improvement":null,"averageRun":43233.242614999996},"[Set Bson] autoSave  10000 children":{"totalRuns":1,"lastRun":24866.605491000002,"diff":24866.605491000002,"diffRatio":null,"improvement":null,"averageRun":24866.605491000002},"[GetAll] assert 10000 children":{"totalRuns":1,"lastRun":0.2817730000097072,"diff":0.2817730000097072,"diffRatio":null,"improvement":null,"averageRun":0.2817730000097072},"[Get] 10000 children":{"totalRuns":1,"lastRun":35.34418799998821,"diff":35.34418799998821,"diffRatio":null,"improvement":null,"averageRun":35.34418799998821},"[Get] 10000 runs":{"totalRuns":10000,"lastRun":0.0196925949999204,"diff":0.0196925949999204,"diffRatio":null,"improvement":null,"averageRun":0.0196925949999204},"[Load Json]  once 10000 children":{"totalRuns":1,"lastRun":7.757842000006349,