{
  "results": {
    "[Set] 100 children": {
      "totalRuns": 51,
      "lastRun": 1.7007450000000972,
      "diff": 0.40135000000009313,
      "diffRatio": 1.3088745146780554,
      "improvement": 0.3088745146780554,
      "averageRun": 1.6323678235294121
    },
    "[Set] 100 runs": {
      "totalRuns": 5100,
      "lastRun": 0.015818780000022344,
      "diff": 0.0077396700000144855,
      "diffRatio": 1.9579854711728095,
      "improvement": 0.9579854711728095,
      "averageRun": 0.011848751960787475
    },
    "[Set Json] autoSave 100 children": {
      "totalRuns": 51,
      "lastRun": 10.343229999999949,
      "diff": 2.6851090000000113,
      "diffRatio": 1.350622430750315,
      "improvement": 0.35062243075031496,
      "averageRun": 10.210685941176498
    },
    "[Set Bson] autoSave  100 children": {
      "totalRuns": 51,
      "lastRun": 35.128619999999955,
      "diff": 11.820638000000145,
      "diffRatio": 1.5071497824221864,
      "improvement": 0.5071497824221864,
      "averageRun": 27.818180862745113
    },
    "[GetAll] assert 100 children": {
      "totalRuns": 51,
      "lastRun": 0.2826399999999012,
      "diff": -0.5156550000006064,
      "diffRatio": 0.35405457882076363,
      "improvement": -0.6459454211792364,
      "averageRun": 0.23823352941175757
    },
    "[Get] 100 children": {
      "totalRuns": 51,
      "lastRun": 1.4463709999999992,
      "diff": -1.2962599999991653,
      "diffRatio": 0.5273662406646902,
      "improvement": -0.4726337593353098,
      "averageRun": 0.7253392156862543
    },
    "[Get] 100 runs": {
      "totalRuns": 5100,
      "lastRun": 0.010140210000026855,
      "diff": 0.003395640000035201,
      "diffRatio": 1.5034627856244953,
      "improvement": 0.5034627856244953,
      "averageRun": 0.007351562745101207
    },
    "[Load Json]  once 100 children": {
      "totalRuns": 51,
      "lastRun": 0.27106800000001385,
      "diff": -0.005455000000438304,
      "diffRatio": 0.9802728886912503,
      "improvement": -0.019727111308749712,
      "averageRun": 0.37352954901959545
    },
    "[Load Json] 100 times": {
      "totalRuns": 51,
      "lastRun": 11.972197999999935,
      "diff": -3.0651450000000295,
      "diffRatio": 0.7961644553828401,
      "improvement": -0.20383554461715991,
      "averageRun": 13.061937392156796
    },
    "[Load Json] 100 runs": {
      "totalRuns": 5100,
      "lastRun": 0.1383663800000113,
      "diff": -0.020971709999962507,
      "diffRatio": 0.8683823183774454,
      "improvement": -0.1316176816225546,
      "averageRun": 0.13850904862744984
    },
    "[Load Bson]  once 100 children": {
      "totalRuns": 51,
      "lastRun": 0.5969119999999748,
      "diff": -0.3408630000003541,
      "diffRatio": 0.6365194209695988,
      "improvement": -0.3634805790304012,
      "averageRun": 0.678168725490231
    },
    "[Load Bson] 100 times": {
      "totalRuns": 51,
      "lastRun": 25.588071000000127,
      "diff": 1.0052160000004733,
      "diffRatio": 1.0408909380135256,
      "improvement": 0.04089093801352561,
      "averageRun": 26.446690470588226
    },
    "[Load Bson] 100 runs": {
      "totalRuns": 5100,
      "lastRun": 0.13470166999999036,
      "diff": -0.028983680000060325,
      "diffRatio": 0.822930518827425,
      "improvement": -0.17706948117257504,
      "averageRun": 0.14819829745098215
    },
    "[Write Json]  once 100 children": {
      "totalRuns": 51,
      "lastRun": 0.10807500000009895,
      "diff": -0.1398110000000088,
      "diffRatio": 0.4359867035655583,
      "improvement": -0.5640132964344418,
      "averageRun": 0.1310571764705874
    },
    "[Write Json] 100 times": {
      "totalRuns": 51,
      "lastRun": 6.354681999999684,
      "diff": -2.1187740000000304,
      "diffRatio": 0.7499516136036934,
      "improvement": -0.25004838639630655,
      "averageRun": 7.0674516078430925
    },
    "[Write Bson]  once 100 children": {
      "totalRuns": 51,
      "lastRun": 0.12039000000004307,
      "diff": -0.5226710000006278,
      "diffRatio": 0.18721396570452487,
      "improvement": -0.8127860342954751,
      "averageRun": 0.1556562745098139
    },
    "[Write Bson] 100 times": {
      "totalRuns": 51,
      "lastRun": 6.045963000000029,
      "diff": -3.332036999999673,
      "diffRatio": 0.6446964171465367,
      "improvement": -0.3553035828534633,
      "averageRun": 6.728728666666636
    },
    "[Set] 1000 children": {
      "totalRuns": 28,
      "lastRun": 8.437206000000515,
      "diff": 1.3015824642861844,
      "diffRatio": 1.1824062687404495,
      "improvement": 0.18240626874044952,
      "averageRun": 7.1356235357143305
    },
    "[Set] 1000 runs": {
      "totalRuns": 27000,
      "lastRun": 0.007842021999988902,
      "diff": -0.002479574481492228,
      "diffRatio": 0.7597683182111364,
      "improvement": -0.24023168178886356,
      "averageRun": 0.01032159648148113
    },
    "[Set Json] autoSave 1000 children": {
      "totalRuns": 27,
      "lastRun": 333.4423719999995,
      "diff": -86.11398081481525,
      "diffRatio": 0.7947499060922942,
      "improvement": -0.20525009390770577,
      "averageRun": 419.5563528148148
    },
    "[Set Bson] autoSave  1000 children": {
      "totalRuns": 27,
      "lastRun": 370.2104760000002,
      "diff": -195.69217533333313,
      "diffRatio": 0.654194630697949,
      "improvement": -0.34580536930205097,
      "averageRun": 565.9026513333333
    },
    "[GetAll] assert 1000 children": {
      "totalRuns": 27,
      "lastRun": 0.7196330000006128,
      "diff": 0.3219929629635097,
      "diffRatio": 1.8097599159348863,
      "improvement": 0.8097599159348863,
      "averageRun": 0.3976400370371031
    },
    "[Get] 1000 children": {
      "totalRuns": 27,
      "lastRun": 3.2993329999999332,
      "diff": -0.17326111111116127,
      "diffRatio": 0.9501061438315563,
      "improvement": -0.04989385616844366,
      "averageRun": 3.4725941111110945
    },
    "[Get] 1000 runs": {
      "totalRuns": 27000,
      "lastRun": 0.011323912000006204,
      "diff": 0.0015253505555599452,
      "diffRatio": 1.1556708670153313,
      "improvement": 0.15567086701533128,
      "averageRun": 0.009798561444446258
    },
    "[Load Json]  once 1000 children": {
      "totalRuns": 27,
      "lastRun": 0.55507900000066,
      "diff": -0.176856740740176,
      "diffRatio": 0.7583712190893033,
      "improvement": -0.24162878091069673,
      "averageRun": 0.731935740740836
    },
    "[Load Json] 1000 times": {
      "totalRuns": 27,
      "lastRun": 668.1562199999998,
      "diff": 213.22420562962958,
      "diffRatio": 1.4686946596289419,
      "improvement": 0.46869465962894186,
      "averageRun": 454.93201437037027
    },
    "[Load Json] 1000 runs": {
      "totalRuns": 27000,
      "lastRun": 0.37730892800000126,
      "diff": -0.11246166918518535,
      "diffRatio": 0.7703788879293164,
      "improvement": -0.2296211120706836,
      "averageRun": 0.4897705971851866
    },
    "[Load Bson]  once 1000 children": {
      "totalRuns": 27,
      "lastRun": 1.3664269999999306,
      "diff": -1.0591045555556438,
      "diffRatio": 0.5633515659155987,
      "improvement": -0.43664843408440135,
      "averageRun": 2.4255315555555743
    },
    "[Load Bson] 1000 times": {
      "totalRuns": 27,
      "lastRun": 447.5308840000007,
      "diff": -146.47507829629546,
      "diffRatio": 0.7534114342387153,
      "improvement": -0.24658856576128474,
      "averageRun": 594.0059622962962
    },
    "[Load Bson] 1000 runs": {
      "totalRuns": 27000,
      "lastRun": 0.5071527609999966,
      "diff": -0.12148761466667402,
      "diffRatio": 0.8067454472076553,
      "improvement": -0.1932545527923447,
      "averageRun": 0.6286403756666706
    },
    "[Write Json]  once 1000 children": {
      "totalRuns": 27,
      "lastRun": 0.2729689999996481,
      "diff": -0.11343125925968373,
      "diffRatio": 0.7064410373918654,
      "improvement": -0.29355896260813463,